{"cameraMode":{"drawMode":0,"name":"Shaded","section":"Shading Mode"},"sceneLighting":false,"audioPlay":false,"sceneViewState":{"m_AlwaysRefresh":false,"showFog":true,"showSkybox":false,"showFlares":true,"showImageEffects":true,"showParticleSystems":true,"showVisualEffectGraphs":true,"m_FxEnabled":true},"in2DMode":false,"pivot":{"x":-0.0013138055801391602,"y":4.424309253692627,"z":10.046614646911621},"rotation":{"x":0.12027579545974732,"y":0.6412034034729004,"z":-0.10270460695028305,"w":0.7510350346565247},"size":0.8660253882408142,"orthographic":false}